step3/1/image_g.png;240
step3/1/image_s.png;240
step3/2/image_g.png;240
step3/2/image_s.png;240
step3/3/image_g.png;160
step3/3/image_s.png;160
step3/4/image_g.png;160
step3/4/image_s.png;160
step4/1/image_1_g.png;240
step4/1/image_1_s.png;240
step4/1/image_2_g.png;240
step4/1/image_2_s.png;240
step4/1/image_3_g.png;300
step4/1/image_3_s.png;300
step4/1/image_4_g.png;260
step4/1/image_4_s.png;260
step4/2/image_1_g.png;240
step4/2/image_1_s.png;240
step4/2/image_2_g.png;240
step4/2/image_2_s.png;240
step4/2/image_3_g.png;240
step4/2/image_3_s.png;240
step4/2/image_4_g.png;300
step4/2/image_4_s.png;300
step4/2/image_5_g.png;260
step4/2/image_5_s.png;260
step5/1/image_2_100_g.png;240
step5/1/image_2_100_s.png;240
step5/1/image_2_200_g.png;240
step5/1/image_2_200_s.png;240
step5/1/image_2_300_g.png;240
step5/1/image_2_300_s.png;240
step5/1/image_2_400_g.png;240
step5/1/image_2_400_s.png;240
step5/1/image_2_500_g.png;240
step5/1/image_2_500_s.png;240
step5/1/image_2_600_g.png;240
step5/1/image_2_600_s.png;240
step5/1/image_2_700_g.png;240
step5/1/image_2_700_s.png;240
step5/1/image_2_800_g.png;240
step5/1/image_2_800_s.png;240
step5/1/image_2_900_g.png;240
step5/1/image_2_900_s.png;240
step5/1/image_2_1000_g.png;240
step5/1/image_2_1000_s.png;240
step5/1/image_2_1100_g.png;240
step5/1/image_2_1100_s.png;240
step5/1/image_2_1200_g.png;240
step5/1/image_2_1200_s.png;240
step5/1/image_3_100_g.png;680
step5/1/image_3_100_s.png;680
step5/1/image_3_200_g.png;680
step5/1/image_3_200_s.png;680
step5/1/image_3_300_g.png;300
step5/1/image_3_300_s.png;300
step5/1/image_3_400_g.png;300
step5/1/image_3_400_s.png;300
step5/1/image_3_500_g.png;300
step5/1/image_3_500_s.png;300
step5/1/image_3_600_g.png;300
step5/1/image_3_600_s.png;300
step5/1/image_3_700_g.png;300
step5/1/image_3_700_s.png;300
step5/1/image_3_800_g.png;300
step5/1/image_3_800_s.png;300
step5/1/image_3_900_g.png;300
step5/1/image_3_900_s.png;300
step5/1/image_3_1000_g.png;300
step5/1/image_3_1000_s.png;300
step5/1/image_3_1100_g.png;300
step5/1/image_3_1100_s.png;300
step5/1/image_3_1200_g.png;300
step5/1/image_3_1200_s.png;300
step5/2/image_2_100_g.png;240
step5/2/image_2_100_s.png;240
step5/2/image_2_200_g.png;240
step5/2/image_2_200_s.png;240
step5/2/image_2_300_g.png;240
step5/2/image_2_300_s.png;240
step5/2/image_2_400_g.png;240
step5/2/image_2_400_s.png;240
step5/2/image_2_500_g.png;240
step5/2/image_2_500_s.png;240
step5/2/image_2_600_g.png;240
step5/2/image_2_600_s.png;240
step5/2/image_2_700_g.png;240
step5/2/image_2_700_s.png;240
step5/2/image_2_800_g.png;240
step5/2/image_2_800_s.png;240
step5/2/image_2_900_g.png;240
step5/2/image_2_900_s.png;240
step5/2/image_2_1000_g.png;240
step5/2/image_2_1000_s.png;240
step5/2/image_2_1100_g.png;240
step5/2/image_2_1100_s.png;240
step5/2/image_2_1200_g.png;240
step5/2/image_2_1200_s.png;240
step5/2/image_3_100_g.png;240
step5/2/image_3_100_s.png;240
step5/2/image_3_200_g.png;240
step5/2/image_3_200_s.png;240
step5/2/image_3_300_g.png;240
step5/2/image_3_300_s.png;240
step5/2/image_3_400_g.png;240
step5/2/image_3_400_s.png;240
step5/2/image_3_600_g.png;240
step5/2/image_3_600_s.png;240
step5/2/image_3_900_g.png;240
step5/2/image_3_900_s.png;240
step5/2/image_3_1000_g.png;240
step5/2/image_3_1000_s.png;240
step5/2/image_3_1100_g.png;240
step5/2/image_3_1100_s.png;240
step5/2/image_3_1200_g.png;240
step5/2/image_3_1200_s.png;240
step5/2/image_4_100_g.png;680
step5/2/image_4_100_s.png;680
step5/2/image_4_200_g.png;680
step5/2/image_4_200_s.png;680
step5/2/image_4_300_g.png;300
step5/2/image_4_300_s.png;300
step5/2/image_4_400_g.png;300
step5/2/image_4_400_s.png;300
step5/2/image_4_500_g.png;300
step5/2/image_4_500_s.png;300
step5/2/image_4_600_g.png;300
step5/2/image_4_600_s.png;300
step5/2/image_4_700_g.png;300
step5/2/image_4_700_s.png;300
step5/2/image_4_800_g.png;300
step5/2/image_4_800_s.png;300
step5/2/image_4_900_g.png;300
step5/2/image_4_900_s.png;300
step5/2/image_4_1000_g.png;300
step5/2/image_4_1000_s.png;300
step5/2/image_4_1100_g.png;300
step5/2/image_4_1100_s.png;300
step5/2/image_4_1200_g.png;300
step5/2/image_4_1200_s.png;300
step5/3/image_100_g.png;630
step5/3/image_100_s.png;630
step5/3/image_200_g.png;630
step5/3/image_200_s.png;630
step5/3/image_300_g.png;300
step5/3/image_300_s.png;300
step5/3/image_400_g.png;300
step5/3/image_400_s.png;300
step5/3/image_500_g.png;300
step5/3/image_500_s.png;300
step5/3/image_600_g.png;300
step5/3/image_600_s.png;300
step5/3/image_700_g.png;300
step5/3/image_700_s.png;300
step5/3/image_800_g.png;300
step5/3/image_800_s.png;300
step5/3/image_900_g.png;300
step5/3/image_900_s.png;300
step5/3/image_1000_g.png;300
step5/3/image_1000_s.png;300
step5/3/image_1100_g.png;300
step5/3/image_1100_s.png;300
step5/3/image_1200_g.png;300
step5/3/image_1200_s.png;300
step5/3/image_1300_g.png;160
step5/3/image_1300_s.png;160
step5/4/image_100_g.png;460
step5/4/image_100_s.png;460
step5/4/image_200_g.png;460
step5/4/image_200_s.png;460
step5/4/image_300_g.png;240
step5/4/image_300_s.png;240
step5/4/image_400_g.png;240
step5/4/image_400_s.png;240
step5/4/image_500_g.png;240
step5/4/image_500_s.png;240
step5/4/image_600_g.png;240
step5/4/image_600_s.png;240
step5/4/image_700_g.png;240
step5/4/image_700_s.png;240
step5/4/image_800_g.png;240
step5/4/image_800_s.png;240
step5/4/image_900_g.png;240
step5/4/image_900_s.png;240
step5/4/image_1000_g.png;240
step5/4/image_1000_s.png;240
step5/4/image_1100_g.png;240
step5/4/image_1100_s.png;240
step5/4/image_1200_g.png;240
step5/4/image_1200_s.png;240
step5/4/image_1300_g.png;160
step5/4/image_1300_s.png;160
step5_1/1/100/image_100_g.png;680
step5_1/1/100/image_100_s.png;680
step5_1/1/100/image_200_g.png;680
step5_1/1/100/image_200_s.png;680
step5_1/1/100/image_300_g.png;680
step5_1/1/100/image_300_s.png;680
step5_1/1/100/image_400_g.png;680
step5_1/1/100/image_400_s.png;680
step5_1/1/100/image_500_g.png;680
step5_1/1/100/image_500_s.png;680
step5_1/1/100/image_600_g.png;680
step5_1/1/100/image_600_s.png;680
step5_1/1/100/image_700_g.png;680
step5_1/1/100/image_700_s.png;680
step5_1/1/100/image_800_g.png;680
step5_1/1/100/image_900_g.png;680
step5_1/1/100/image_1000_g.png;680
step5_1/1/100/image_1100_g.png;680
step5_1/1/100/image_1200_g.png;680
step5_1/1/200/image_100_g.png;680
step5_1/1/200/image_100_s.png;680
step5_1/1/200/image_200_g.png;680
step5_1/1/200/image_200_s.png;680
step5_1/1/200/image_300_g.png;680
step5_1/1/200/image_300_s.png;680
step5_1/1/200/image_400_g.png;680
step5_1/1/200/image_400_s.png;680
step5_1/1/400/image_100_g.png;300
step5_1/1/400/image_100_s.png;300
step5_1/1/400/image_200_g.png;300
step5_1/1/400/image_200_s.png;300
step5_1/1/400/image_300_g.png;300
step5_1/1/400/image_300_s.png;300
step5_1/1/500/image_100_g.png;300
step5_1/1/500/image_100_s.png;300
step5_1/1/500/image_200_g.png;300
step5_1/1/500/image_200_s.png;300
step5_1/1/500/image_300_g.png;300
step5_1/1/500/image_300_s.png;300
step5_1/1/600/image_100_g.png;300
step5_1/1/600/image_100_s.png;300
step5_1/1/600/image_200_g.png;300
step5_1/1/600/image_200_s.png;300
step5_1/1/600/image_300_g.png;300
step5_1/1/600/image_300_s.png;300
step5_1/1/700/image_100_g.png;300
step5_1/1/700/image_100_s.png;300
step5_1/1/700/image_200_g.png;300
step5_1/1/700/image_200_s.png;300
step5_1/1/700/image_300_g.png;300
step5_1/1/700/image_300_s.png;300
step5_1/1/900/image_100_g.png;300
step5_1/1/900/image_100_s.png;300
step5_1/1/900/image_200_g.png;300
step5_1/1/900/image_200_s.png;300
step5_1/1/900/image_300_g.png;300
step5_1/1/900/image_300_s.png;300
step5_1/1/1100/image_100_g.png;300
step5_1/1/1100/image_100_s.png;300
step5_1/1/1100/image_200_g.png;300
step5_1/1/1100/image_200_s.png;300
step5_1/1/1100/image_300_g.png;300
step5_1/1/1100/image_300_s.png;300
step5_1/2/100/image_100_g.png;680
step5_1/2/100/image_100_s.png;680
step5_1/2/100/image_200_g.png;680
step5_1/2/100/image_200_s.png;680
step5_1/2/100/image_300_g.png;680
step5_1/2/100/image_300_s.png;680
step5_1/2/100/image_400_g.png;680
step5_1/2/100/image_400_s.png;680
step5_1/2/100/image_500_g.png;680
step5_1/2/100/image_500_s.png;680
step5_1/2/100/image_600_g.png;680
step5_1/2/100/image_700_g.png;680
step5_1/2/100/image_700_s.png;680
step5_1/2/200/image_100_g.png;680
step5_1/2/200/image_100_s.png;680
step5_1/2/200/image_200_g.png;680
step5_1/2/200/image_200_s.png;680
step5_1/2/200/image_300_g.png;680
step5_1/2/200/image_300_s.png;680
step5_1/2/200/image_400_g.png;680
step5_1/2/200/image_400_s.png;680
step5_1/2/400/image_100_g.png;300
step5_1/2/400/image_200_g.png;300
step5_1/2/500/image_100_g.png;300
step5_1/2/500/image_100_s.png;300
step5_1/2/500/image_200_g.png;300
step5_1/2/500/image_200_s.png;300
step5_1/2/600/image_100_g.png;300
step5_1/2/600/image_100_s.png;300
step5_1/2/600/image_200_g.png;300
step5_1/2/600/image_200_s.png;300
step5_1/2/600/image_300_s.png;300
step5_1/2/600/image_400_s.png;300
step5_1/2/700/image_100_g.png;300
step5_1/2/700/image_100_s.png;300
step5_1/2/700/image_200_g.png;300
step5_1/2/700/image_200_s.png;300
step5_1/2/700/image_300_s.png;300
step5_1/2/800/image_100_g.png;300
step5_1/2/800/image_200_g.png;300
step5_1/2/900/image_100_g.png;300
step5_1/2/900/image_100_s.png;300
step5_1/2/900/image_200_g.png;300
step5_1/2/900/image_200_s.png;300
step5_1/2/900/image_300_s.png;300
step5_1/2/1100/image_100_g.png;300
step5_1/2/1100/image_100_s.png;300
step5_1/2/1100/image_200_g.png;300
step5_1/2/1100/image_200_s.png;300
step5_1/2/1100/image_300_s.png;300
step5_1/2/1100/image_400_s.png;300
step5_2/g/100/image_100.png;240
step5_2/g/100/image_200.png;240
step5_2/g/100/image_300.png;240
step5_2/g/100/image_400.png;240
step5_2/g/200/image_100.png;240
step5_2/g/200/image_200.png;240
step5_2/g/200/image_300.png;240
step5_2/g/300/image_100.png;240
step5_2/g/300/image_200.png;240
step5_2/g/900/image_100.png;240
step5_2/g/900/image_200.png;240
step5_2/g/900/image_300.png;240
step5_2/g/900/image_400.png;240
step5_2/g/900/image_500.png;240
step5_2/g/1100/image_100.png;240
step5_2/g/1100/image_200.png;240
step5_2/s/100/image_100.png;240
step5_2/s/100/image_200.png;240
step5_2/s/100/image_300.png;240
step5_2/s/100/image_400.png;240
step5_2/s/100/image_500.png;240
step5_2/s/100/image_600.png;240
step5_2/s/100/image_700.png;240
step5_2/s/200/image_100.png;240
step5_2/s/200/image_200.png;240
step5_2/s/200/image_300.png;240
step5_2/s/300/image_100.png;240
step5_2/s/300/image_200.png;240
step5_2/s/300/image_300.png;240
step5_2/s/600/image_100.png;240
step5_2/s/600/image_200.png;240
step5_2/s/600/image_300.png;240
step6_1/1/image_1_g.png;260
step6_1/1/image_1_s.png;260
step6_1/1/image_2_g.png;260
step6_1/1/image_2_s.png;260
step6_1/1/image_3_g.png;260
step6_1/1/image_3_s.png;260
step6_1/1/image_4_g.png;260
step6_1/1/image_4_s.png;260
step6_1/1/image_5_g.png;260
step6_1/1/image_5_s.png;260
step6_1/1/image_6_g.png;260
step6_1/1/image_6_s.png;260
step6_1/1/image_7_g.png;260
step6_1/1/image_8_g.png;260
step6_1/1/image_9_g.png;260
step6_1/2/image_1_g.png;260
step6_1/2/image_1_s.png;260
step6_1/2/image_2_g.png;260
step6_1/2/image_2_s.png;260
step6_1/2/image_3_g.png;260
step6_1/2/image_3_s.png;260
step6_1/2/image_4_g.png;260
step6_1/2/image_4_s.png;260
step6_1/2/image_5_g.png;260
step6_1/2/image_5_s.png;260
step6_2/1/image_1_100_g.png;260
step6_2/1/image_1_100_s.png;260
step6_2/1/image_1_200_g.png;280
step6_2/1/image_1_200_s.png;280
step6_2/1/image_1_300_g.png;280
step6_2/1/image_1_300_s.png;280
step6_2/1/image_1_400_g.png;280
step6_2/1/image_1_400_s.png;280
step6_2/1/image_2_100_g.png;220
step6_2/1/image_2_100_s.png;260
step6_2/1/image_2_200_g.png;280
step6_2/1/image_2_200_s.png;280
step6_2/1/image_2_300_g.png;280
step6_2/1/image_2_300_s.png;280
step6_2/1/image_2_400_g.png;280
step6_2/1/image_2_400_s.png;280
step6_2/1/image_3_100_g.png;220
step6_2/1/image_3_100_s.png;220
step6_2/1/image_3_200_g.png;280
step6_2/1/image_3_200_s.png;280
step6_2/1/image_3_300_g.png;280
step6_2/1/image_3_300_s.png;280
step6_2/1/image_3_400_g.png;280
step6_2/1/image_3_400_s.png;280
step6_2/1/image_3_450_g.png;280
step6_2/1/image_3_450_s.png;280
step6_2/1/image_4_100_g.png;220
step6_2/1/image_4_100_s.png;220
step6_2/1/image_4_200_g.png;280
step6_2/1/image_4_200_s.png;280
step6_2/1/image_4_300_g.png;280
step6_2/1/image_4_300_s.png;280
step6_2/1/image_4_350_g.png;280
step6_2/1/image_4_350_s.png;280
step6_2/1/image_4_400_g.png;280
step6_2/1/image_4_400_s.png;280
step6_2/1/image_5_100_g.png;220
step6_2/1/image_5_100_s.png;220
step6_2/1/image_5_200_g.png;280
step6_2/1/image_5_200_s.png;280
step6_2/1/image_5_300_g.png;280
step6_2/1/image_5_300_s.png;280
step6_2/1/image_5_350_g.png;280
step6_2/1/image_5_350_s.png;280
step6_2/1/image_5_370_g.png;280
step6_2/1/image_5_370_s.png;280
step6_2/2/image_1_100_g.png;220
step6_2/2/image_1_100_s.png;220
step6_2/2/image_1_200_g.png;280
step6_2/2/image_1_200_s.png;280
step6_2/2/image_1_300_g.png;280
step6_2/2/image_1_300_s.png;280
step6_2/2/image_1_400_g.png;280
step6_2/2/image_1_400_s.png;280
step6_2/2/image_1_500_g.png;280
step6_2/2/image_1_500_s.png;280
step6_2/2/image_1_600_g.png;280
step6_2/2/image_1_600_s.png;280
step6_2/2/image_1_700_g.png;280
step6_2/2/image_1_700_s.png;280
step6_2/2/image_1_800_g.png;280
step6_2/2/image_1_800_s.png;280
step6_2/2/image_1_900_g.png;280
step6_2/2/image_1_900_s.png;280
step6_2/2/image_1_1000_g.png;280
step6_2/2/image_1_1100_g.png;280
step6_2/2/image_1_1100_s.png;280
step6_2/2/image_2_100_g.png;220
step6_2/2/image_2_100_s.png;220
step6_2/2/image_2_200_g.png;280
step6_2/2/image_2_200_s.png;280
step6_2/2/image_2_400_g.png;280
step6_2/2/image_2_400_s.png;280
step6_2/2/image_2_600_g.png;280
step6_2/2/image_2_700_g.png;280
step6_2/2/image_2_700_s.png;280
step6_2/2/image_2_800_g.png;280
step6_2/2/image_2_800_s.png;280
step6_2/2/image_2_900_s.png;280
step6_2/2/image_3_100_g.png;220
step6_2/2/image_3_100_s.png;220
step6_2/2/image_3_200_g.png;280
step6_2/2/image_3_200_s.png;280
step6_2/2/image_3_400_g.png;280
step6_2/2/image_3_400_s.png;280
step6_2/2/image_3_500_g.png;280
step6_2/2/image_3_500_s.png;280
step6_2/2/image_3_550_g.png;280
step6_2/2/image_3_550_s.png;280
step6_2/2/image_3_900_g.png;280
step6_2/2/image_3_900_s.png;280
step6_2/2/image_3_1000_g.png;280
step6_2/2/image_4_100_g.png;220
step6_2/2/image_4_100_s.png;220
step6_2/2/image_4_200_g.png;280
step6_2/2/image_4_200_s.png;280
step6_2/2/image_4_300_g.png;280
step6_2/2/image_4_300_s.png;280
step6_2/2/image_4_400_g.png;280
step6_2/2/image_4_400_s.png;280
step6_2/2/image_4_900_g.png;280
step6_2/2/image_4_900_s.png;280
step6_2/2/image_4_1000_g.png;280
step6_2/2/image_5_100_g.png;220
step6_2/2/image_5_100_s.png;220
step6_2/2/image_5_200_g.png;280
step6_2/2/image_5_200_s.png;280
step6_2/2/image_5_300_g.png;280
step6_2/2/image_5_300_s.png;280
step6_2/2/image_5_400_g.png;280
step6_2/2/image_5_400_s.png;280
step6_2/2/image_5_900_g.png;280
step6_2/2/image_5_900_s.png;280
step6_2/2/image_5_1000_g.png;280
step6_2/2/image_5_1100_g.png;280
step6_2/2/image_5_1100_s.png;280
